0,0.4933088,0,0,0.1524777,0,0.9253193,0,0.966258,0.9696021,0.4345429,0,0,0,1.139404,1.636667,0,0,2.517687,0,1.3175,0,0,0.3043953,0.2559718,0.2932133,0,0,0,0.4788942,0,0.9696052,0,0.04185888,0.3576105,0,0.08807768,0.04868387,0,0.2746625,0.02658555,1.197665,0,1.336533,1.39269,0.8785344,0,0.198457,0.3019968,0,2.071919,0,0,0,0,0.08710304,0.4275285,0.5721853,1.192458,0.1136987,0,0,0.7053435,0.386417,0.2232137,0,0.9395504,0,2.432608,0,0,0,0.5945158,0,0.2548424,0,1.032676,0,0,0.2572425,0.84816,0.4559931,2.360763,0.05994414,2.290885,0.7718781,0,0,0,0.01766768,0,0.4745946,0.8888745,0,1.609483,0.1538079,0,0,0.6179841,0.8459828,0.5938182,0,0.0456492,0.02450095,0.8278638,0.3860127,0,0,0.3316355,1.266834,1.414298,0.8631999,0,0.1189936,0,0,0,0,1.893673,0.2540661,0,0,0,0,0,0,2.248674,0.7190248,0,1.127937,0.1186836,0.8127537,0,0,0,1.986259,0,0.8731714,0,1.842438,0.8035002,0,0,0.2201861,0,1.778121,0,0.330647,0,2.436968,0,0,0,0.1044656,0,0,0.7578229,0.0288775,0,0,0,0.5887579,0,0.5939171,0,0.9312494,0,0,1.526426,0.3144366,1.268148,0,0,0,0,0,0,0,0.2665359,0.09927033,0,0.5832357,0.1356308,0,0,0,0.7599568,0.9494505,0,0.7720632,0,0,0.8789417,0.9518121,0.02436632,0.3990622,0.5709242,0,0.06021816,1.030612,2.15796,0.4661816,2.441003,0,0,1.592765,0,0,0,0,0,0,0,1.180994,0.1175205,0,0.2002577,0.1800249,1.713902,0,0.5154168,0.2235777,0.1947047,0,0,0.2093469,0,0,2.56318,0,0.511129,1.588117,0,0,0,0,0,1.622915,0,0.2024533,0.08504708,0,0,0.5250165,0,0,0,1.83047,0,0.4456533,0,0.556067,0,0,0,0,0.3192265,0,2.969718,0.3606056,0.8200271,1.094287,0,0,0.08606666,0,0.3343242,0.5742111,0.3314818,0.1335906,0,0.5099927,0.294511,0,0.01588708,0,1.931494,1.150583,2.199106,0.1661885,0,0,0.2370657,0.03968431,0,2.037514,0.1420652,0.9350786,0.2766416,0.2009192,1.383198,0,0,0,0,0,0,0,1.335978,0.2104175,0.02262872,0.9423993,0,0,0,0,0,0,0,0.262006,0,0,0.285213,0.003706306,0.8110183,0.2954032,0,1.284174,0,0.8801164,0,0,0.3952587,0.09621741,0.02388017,0,0.4571275,0,0.3800403,0,0.2778899,0.8603692,0.1583362,0.7442116,0.2378475,0,0.9199139,0,0,0.7698334,0.009900257,0.4356943,0,0,0.1891677,2.153002,0,0,0.1458009,0,0,0,0.4460019,0.01269314,0,2.028454,0.2760926,0,0,0.2297079,0,0,0.05211748,0,1.085399,0,0,0.3728577,0,0.1284935,0,0,1.002833,0.4173741,1.982195,0,0,0,0.468676,0.3148202,1.220592,0,0,0,0,0.3075961,0.6013174,0,0,0,0,0.2242461,0.5951734,0.6909468,1.457813,0.112841,0,0,0,0,0,0,0.9711794,0.1617934,0.8838415,0,0.08211091,0.005218789,1.039587,0.5160719,0,0,0.6547332,0,0.2751299,0.305386,0,1.816222,1.490153,0.1579327,0,0.1103387,0.1436022,1.038646,0,0,1.077694,0.03582948,0,0.5907028,1.268963,0.4004388,0,0,0.9295086,1.181093,0,0,0,0.03216834,0.7912614,0.3415203,0,0,0,0,1.160423,1.358812,0.08946723,1.907239,0,0.05764949,0.2020044,0.311584,0.8993734,0,1.073184,0,0.1765901,0,0.3956294,0,0,0.1307064,0.03051005,1.412534,0.02519107,0,0,1.428858,0,0.2353192,0.3659783,1.110919,0,0,0,0.1277955,0,0.07213356,0,1.237219,0.1645882,0,0,0,0,0.3937778,0.5940491,2.599957,0,0.9394577,0,0,0,0,0,0,0,0,0,0,0,0.7262236,0,0.7895933,0.3334835,0,0,0.001818389,0,0.721284,0.08058591,0,0,0.07495816,0,1.427916,0.05389115,0,0,0.7248315,0,0,0.3348745,0,0.7543502,0.2327231,0,1.158646,0.3920687,0.3852312,0,0,1.744018,0.9785202,0,0,0.7607068,0,0,0,0.2446992,0,0.2675488,0,1.216507,0.1573808,0,1.207503,0,2.402151,0,0.05333082,0.973519,0.1847493,0,0.1017941,0.3855555,0,1.997394,0,0.2153947,0,0.5714461,0.2742018,0.1421128,1.385786,0.3503347,0.3219952,1.426415,0,0,1.741926,0.1171672,0,0,0,1.06606,0,0,0,0.04403374,0,0.2926842,0,0,1.400499,0.5075632,0,0,0,0,0,0,0,0,0,0,0.935013
0,0.6638911,1.109349,0,0,0.8775041,0,0.6982629,0,0.6203904,0.7644572,1.017354,0,0.6134405,0.1630895,0.1842337,0.3411579,0.652771,0,0,0,0.1928256,0,0.8247998,0,0,0.2296236,0.6784515,0,1.042868,0.4749806,0.7204883,0.7290776,0,0,0.7609241,0,0,1.207745,0,1.264173,0,0.7116086,0,0.2756627,0.9679883,0,0,0,0,0,0,1.324777,0.2830486,0,0.6495118,0,0,0,0,0,0,0,0,0,1.043426,0,0.2427452,0,0,0,0.1915758,0,0,0,0,0.3211751,1.342548,0.790216,0.04381347,0.1895978,1.156768,0,0.9999156,0,0,0.2300317,0.4812806,0.3840148,1.459764,0,0,0,0.6734626,0.1927826,0,0,0.4055238,0,0,0.3071706,0,0.7153409,1.203114,0,1.061487,0.4922905,1.388383,0.3306744,0,0.1275702,0,0.5592713,0,1.616349,0,1.177747,0,0.3291607,0,0,0.3005791,0,1.505259,0.7611401,0.9470344,0.01191592,0,0,0.5550447,0.9139907,0,0.05087352,0.3407419,0.6271429,0,0,1.07183,1.351125,0,0,0.7108116,0,0.6041398,0.05482149,0.488143,1.51923,0,0.2789469,0.07779694,0.0008888245,0.4645312,0,0.4010239,0.7957582,1.013828,0,1.290848,0.7418299,0,0.4734311,0.6736605,0,0,0.1996973,0,0,0,0,0,0,0,0.1337748,0,0,0.9177647,0,0.9193189,0,0.721662,1.114329,0,0.4128699,0.3236129,0.552578,0,1.007441,0.5566702,1.019563,1.499909,0,0,0.7474477,0,1.438743,0,0,0,0.4122818,0.03249168,0,0,0,0,1.172056,0,0.8309362,0.4215398,0.2965255,0.3924456,0.3591576,0,0.05009222,0.5691097,0,0,0,0,0.2801983,0.8294871,0.7384672,0,1.340824,0,1.077524,0.8869963,0.2005334,0,0,0,0,0,0,1.247808,1.326304,0,1.54146,0,0,0,0.810524,0.9846234,1.459171,0,0,0.2070069,0.06386304,0.2433858,1.169787,0,0.4596357,0.7009766,0,0.9205539,0,0,0,1.115685,0,0.6984365,0,0,0.2180121,0.654423,0,0.9814482,0,0,1.414569,0,0,0.6240091,1.034701,0,0.1272981,0,0.2487659,0.2984152,0,0,1.275151,0.6958163,0,1.409576,0.9429278,0,1.039743,0.6042058,0.8199637,0,0.1632731,0.7462866,0.5079525,1.019611,0,0.3591306,0,0,0.3524752,0,0,0,0.869302,0,1.033882,1.325771,0.4165597,0.5635521,0.4817474,0,0.798903,0,1.083527,0,0,0.786185,0.9845519,0.1615009,0,0,0.9061983,0,0,0.8900082,0.718365,0.2692473,0.527106,0,1.238912,0.6514153,0,0.4000111,1.822149,0,0,0.06486726,0.5232818,0.7690091,0.669574,0,0.5491047,0.1629748,0,0.1522655,0,0,0,1.171776,0.8911822,0,0.869674,1.125928,0,1.134811,0.7857301,0.2333975,0.3311028,1.295284,1.590566,1.191787,0.8237545,0,0,0.5941286,0.6104424,0.7149134,0.8976891,0.9187303,0,0,1.163083,0.003955126,0.878731,0,0,0.7470689,1.163963,1.315094,0.8600779,0,0.07463098,0.3206384,0,1.049659,0.9900961,0.6956437,0.2125614,1.231577,0.3195057,0.2772908,0.4530919,0,0.5829027,0,0,0.8656068,0.9917619,0,1.000714,0,0,0,0.1642458,0,0,0,1.340922,0,0,0.6074197,0.9293199,0,0.0607512,0.6551433,0.9731677,0.4190173,0,0,0.2632229,0.2230113,0,1.050592,0.679888,0.3490701,0.192265,0.3727663,0.1322281,0.6657007,0.09830904,0,0,0.8138723,0,0.5847328,0.533494,0.6336677,0.1651778,0.3335087,0.9149649,0.7024534,1.010329,1.325348,1.229861,1.059055,0.4432096,0.8306274,0,0.6595395,0.5689354,0.5298474,0.03035522,0.9010339,0.6000526,0,0,0.6848967,2.008524,0.1190889,0.5119929,0.7476368,0,0,0.002064228,0,0,0,0.0454483,0,0.2673125,0.6550319,0,0,1.194439,0.8145785,0.9505682,1.025738,0.6849656,1.621064,0,0.9475505,1.46103,0,0,1.109981,0,0.09281683,0.5804193,0,0,0,0,0.09685349,0.2126794,0.7953708,0,0,0,0.4854584,0.742542,0.935138,0.5770144,0.04252243,0.3753738,0.3024533,0.1856322,0.2203383,0,0,0,0,1.319551,0,0,0,0,0.149719,0,0.03859401,0.2802517,0.8451283,0.2035904,0.8040814,0,0,0,0.199888,0,0.186687,0.8282967,0,0.05850983,0.3096395,0,0.3620524,0,0.5821888,0.7619267,0,0,0.1939597,0,0.4762475,0.8131115,0.4871891,1.475465,0,1.372315,0,1.929849,0.4747066,0,0,0,0,0,0,0,0.2926087,0,0,0.4299057,0,1.446283,0,1.226598,0.5715427,0.4492517,1.000729,0.706557,0,0,0,0,0,0,1.376347,1.147161,0.09423161,0.7391467,0.8293343,0,0,0,0.547832,0,0.4372165,0.03860474,0,0,0.4494376,0.3581049,0.07325745,0.9534085,0.3937659,0.5021393,0.5729976,0.2979317,0.6825929,0,0
0,0.8772266,0.9830363,0,0,0.6298461,0,0.2224295,0.1380444,0.6656489,0.9800587,0.7162309,0,0.4494164,0.04480147,0.3765647,0,0.775708,0,0,0,0,0,0.6659865,0,0,0.01245928,0.4055469,0,1.035548,0.5029449,0.9120047,0.4928632,0,0,0.12814,0,0,0.9366381,0,1.284657,0,0.5546942,0,0.6622202,1.143832,0,0,0,0,0.0676589,0,1.175065,0.06886911,0,0.514981,0,0,0.2487574,0,0,0,0.321393,0,0,0.9827814,0,0.4126482,0,0,0,0.1614103,0,0.1587777,0,0,0.4495444,1.058296,0.9609559,0.5153606,0.3529046,1.053882,0.5319903,1.003521,0.3195302,0,0.08400798,0.4886231,0.2545681,1.493458,0,0,0,0.3632958,0.2034721,0,0,0.3949537,0,0,0.807693,0,0.4025486,1.114154,0,1.181063,0.7000442,1.212259,0.4140077,0,0.4845371,0,0.7698035,0,1.479616,0,1.219285,0,0.6655071,0,0,0,0,1.03466,0.5310113,0.7504473,0.4384687,0,0,0.4582756,0.877696,0.2275014,0,0.2522812,0.7726235,0.1908989,0,0.8120537,1.285777,0,0,0.5917714,0,0.5142028,0.2188711,0.7662938,1.035652,0,0.3413212,0.4165075,0,0.5302939,0,0.2867508,0.7771025,0.8817403,0,1.057103,0.9503214,0,0.1387331,0.6947923,0,0,0.1234779,0,0,0,0,0,0,0,0.3032768,0,0,0.772568,0,0.6435487,0.3598521,0.9413865,0.8698661,0,0.6173444,0.4691279,0.3553655,0,1.043477,0.7694781,1.074791,1.555613,0,0,0.9038465,0.07310319,1.36506,0,0.01104593,0,0.3478117,0.3686175,0.2378623,0,0,0,1.125566,0,0.6675556,0.2509873,0.3473856,0.130806,0.2923064,0,0,0.6486397,0,0,0,0,0.5082691,0.6641722,0.9486425,0,1.273269,0,0.8650632,0.7952452,0.20419,0,0,0,0,0.3153701,0,0.9538021,1.151773,0,0.8654165,0,0,0,0.6201079,0.5626996,1.153722,0,0,0.2974162,0.01719475,0.8190732,1.065374,0,0.5841401,0.9063091,0,0.5896738,0,0,0,1.046145,0,0.8873453,0,0,0.09373283,0.8469269,0,0.8114445,0,0,1.345778,0,0,0.4313724,0.9159992,0,0.4491775,0,0.4952769,0.542702,0,0,0.7218058,1.010108,0,1.060452,0.5881152,0,1.024099,1.066371,0.5361452,0,0.3656285,0.8467081,0.2922099,0.5933805,0,0,0,0.2552171,0.4364228,0,0,0,0.8291819,0,1.171774,1.39023,0.4520147,0.7275314,0.6212432,0,0.7506435,0,0.9936559,0,0,0.8385682,1.065588,0.3402832,0,0,0.9396427,0,0,0.7934601,0.8349383,0.1036544,0.2629745,0,1.456246,0.6825542,0.1932962,0.4760871,1.755605,0.1224163,0,0.1227524,0.6897349,0.7851276,0.7653356,0,0.486645,0.294874,0,0,0,0.1598418,0.1519735,1.442357,0.8663826,0,0.6772778,1.024145,0,0.7429843,0.4912002,0.6780233,0.7663832,1.398996,1.342799,1.066717,0.7816133,0,0,0.6660419,0.8397732,0.4594779,0.6327598,0.986964,0,0,0.6303632,0.390197,1.102357,0,0.2782903,0.7137628,1.139265,0.8922036,0.8695345,0,0.2584701,0.09794092,0,1.000223,0.7718809,0.191294,0.3981438,1.141944,0.5478113,0,0,0,0.7226217,0.1033356,0.383688,1.1642,0.8914762,0,0.6980937,0,0,0,0.158989,0,0,0,1.27098,0.1050317,0,0.09071302,0.4147735,0,0.5247831,0.05328393,0.994144,0.7211747,0.04460907,0,0.5129213,0.2452173,0,0.8809826,1.053951,0.6493778,0.1855917,0.06598353,0.4554462,0.8035066,0,0,0.02050185,0.8174732,0,0.1517365,0.5880275,0.6736355,0,0.6572785,0.5714011,0.5148048,0.9634032,1.337536,1.330127,1.14009,0,0.8840754,0,0.9477346,0.6395309,0.7323434,0,0.7282603,0.5285301,0,0,0.7052875,2.108781,0,0.5926826,0.6426325,0.04625511,0,0.1855261,0,0,0.4209516,0.139106,0,0.2337158,0.9228263,0,0,1.214887,0.9119349,0.8295116,0.7694807,0.682178,1.740587,0,1.051754,1.449284,0,0,1.214712,0,0,0.4418058,0,0,0,0,0.4955463,0.5526524,0.6427019,0,0,0,0.484545,0.2605453,0.2065952,0.3807514,0.2057579,0.02907181,0.4957414,0.5400207,0.3595078,0.2136345,0,0,0,1.104808,0,0,0,0,0.3543391,0,0.5475438,0.1520724,0.8179812,0.0215888,1.183069,0,0,0,0,0.01800227,0.2648234,0.8385365,0,0,0.4810224,0,0.2583365,0.08279157,0.6198599,0.1785662,0,0,0.2597697,0,0.09778666,1.132854,0.5016556,1.371961,0,1.65855,0,1.906315,0.8626571,0.05421567,0,0.1559725,0,0,0,0,0.1141939,0,0,0.6392114,0,1.347314,0,1.026978,0.6321158,0.4194746,1.308443,0.8487279,0,0,0,0,0.08158684,0,1.074324,1.127299,0.3152261,1.109239,1.04907,0.177516,0,0,0.4503796,0,0.2963324,0,0,0.2839034,0.6111763,0,0,0.9238119,0,0,0.4865835,0.3295965,0.7204459,0,0
0,0.677336,1.184683,0,0,0.6501546,0,0.7185669,0,0.4492249,0.5419784,1.167788,0,0.7929206,0.127883,0.02204847,0.7163877,0.6773534,0,0,0,0.6359949,0.03112769,0.8404105,0,0,0.3484023,0.8671236,0,0.8617599,0.7525764,0.6663356,0.3928959,0,0,0.886487,0,0.04142666,1.033117,0,1.242826,0,0.8726537,0,0,1.106355,0,0,0,0.1633482,0,0,1.152035,0.6533864,0,0.4268899,0,0,0,0,0,0.4042461,0,0,0,0.8813436,0,0.3887572,0,0,0,0.7989404,0,0.2087831,0,0,0.1380708,1.253205,0.9755166,0.04798818,0,1.186772,0,1.07433,0,0,0.5157115,0.5136621,0.2747533,1.373133,0.1445637,0,0,0.5133119,0,0,0,0.7722232,0,0,0.6164894,0,0.6369872,1.248495,0,1.111348,0.5370932,1.1977,0.4298868,0,0,0,0.5682275,0,1.377771,0,1.304373,0,0,0,0,0.394526,0,1.307101,0.5971169,1.029275,0,0,0.1229651,0.3922794,0.891706,0.008004904,0.2650566,0.5003045,0.867029,0,0,0.3277006,1.018304,0,0,0.6828103,0,0.1505611,0.08105421,0.1263361,1.394723,0,0.41398,0,0.05792665,0.8856673,0,0.486063,0.8486764,0.8618779,0,1.360051,0.9538436,0,0.3515193,0.473917,0,0,0.2310941,0,0,0,0,0,0,0,0.3035629,0,0,0.7409897,0,0.7257252,0.02806544,0.7714033,0.8238354,0,0.5640371,0.357631,0.926405,0,0.864018,0.32586,1.175308,1.231386,0,0,0.6428998,0,1.288999,0,0,0,0.574374,0.04861951,0,0,0,0,1.118356,0,0.8335354,0.6879456,0.5001173,0.2829614,0.4185367,0.02713513,0.2122815,0,0,0,0,0,0,0.9050512,0.5466266,0,1.196728,0,0.969435,0.7397821,0.6687055,0,0,0,0,0,0,1.042958,1.388098,0,1.708225,0,0,0,0.6992013,0.9100244,1.255301,0,0,0.6821034,0.5039864,0,1.244204,0,0.6476998,0.8268533,0,0.5873864,0,0,0,0.9627748,0,0.9607177,0,0,0.3077312,0.7353241,0,1.039739,0,0,1.200161,0,0,0.5138903,0.760026,0.007051468,0.3975625,0.1685278,0,0.07208037,0,0,1.074322,0.8020859,0,1.21992,0.8927903,0,1.005725,0.6588614,0.6916022,0,0,0.8135087,0.7161188,0.8397868,0,0.03205776,0,0.1820807,0.3563771,0,0,0,1.021319,0.3103068,1.10695,1.314294,0.6574647,0.8068678,0.6539154,0,0.9567924,0,0.8203492,0,0,0.6517377,0.8793974,0,0,0,0.8105888,0,0,1.021628,0.5232387,0.05015826,0.4701293,0,1.228411,0.7496722,0.2970414,0.5081983,1.709487,0,0,0.6450791,0.1977284,0.8224607,0.9412935,0,0.5023637,0.2212505,0,0.08364105,0,0,0.2874544,1.16432,0.8552566,0.3743057,1.05965,0.8693132,0,1.023851,0.6183145,0,0.4751973,1.090424,1.516121,0.9949293,0.8983963,0,0,0.7152488,0.5978415,0.7100959,0.8597314,0.6062348,0,0,1.011743,0.3128445,0.7330477,0,0,0.6619058,1.247352,1.004437,0.6932468,0,0,0.7033331,0.1860294,0.9746861,1.222503,0.3390608,0.3579268,1.329305,0.5694366,0.7721839,0.1502581,0,0.6245842,0,0,0.926219,1.081448,0,0.8445837,0,0,0,0,0,0,0.005283117,1.065012,0.1643059,0,0.3318706,0.7757242,0,0.04809237,0.9481773,1.090965,0.6906238,0,0,0.175458,0.2157919,0,1.061246,0.7668598,0.2824392,0,0.5803061,0.061064,0.5836158,0.2053158,0,0,0.8555636,0,0.6129992,0.339659,0.3936458,0.4255567,0.523067,0.8065484,0.2563627,0.761909,1.391318,1.358282,1.038801,0.656848,0.9020081,0.007708073,0.3781652,0.8287528,0,0.3281167,0.5302825,0.4424136,0,0,0.7133176,1.796556,0.05770659,0.3711438,0.4235003,0,0,0.374382,0,0,0,0.2089543,0,0.4062548,0.4371245,0,0,1.092907,0.6430776,1.077673,0.9054658,0.640069,1.455864,0,0.834574,1.298759,0,0,1.434731,0,0,0.7642374,0,0,0,0,0.09049439,0.4353218,0.3987863,0,0,0,0.3653853,0.9557283,0.8447852,0.275584,0.4100142,0.4672601,0.2302394,0.4868665,0.1050639,0,0,0,0,1.441736,0,0,0,0,0.229882,0,0,0.1616299,0.881192,0.4343054,0.5934939,0,0,0,0.07876921,0,0.3904037,0.9247365,0,0,0,0.1008139,0.655062,0,0.619704,0.5218935,0.2814238,0,0.1267033,0,0.8340137,0.6709123,0.669589,1.364551,0.03493953,1.067041,0,1.791791,0.0356369,0,0,0.1379447,0,0,0.2095582,0.1713827,0.2320261,0,0,0,0,1.449892,0.2842944,0.9858828,0.4199576,0.4960093,0.7795396,0.6910388,0,0,0,0.1523924,0,0,1.14548,1.178128,0.5034926,0.6510985,0.8901913,0.3328843,0,0,0.6970787,0,0.3284326,0.2055042,0,0,0.3977156,0.6419075,0.1294923,1.04811,0.6133182,0.3565953,0.6703122,0.4375615,0.7337279,0,0
0,0,0,0,0,0,0,0,0,0.3203864,0.9331701,0,1.133043,0,1.77868,0.5956646,0,0.6595625,1.35039,0,0.9963943,0,0,0.7156109,0.06507672,0.1351456,0,0,0,0.728353,0.07927798,0,0,0,1.657713,0,0,0.6197245,0,0.1309326,0,0.8007703,0,0.9794082,0,0.9444766,0,0.1680646,0.4797644,0.03793282,1.124756,0,0,0.1598158,0,0.1687187,0.9997582,0.3163723,0.7372057,0.6083978,0,0,0,0,0.05856369,0.2252357,0.3218452,0,1.674279,0,0.3071892,0,2.94175,1.247116,0.1309929,0,1.371238,0,0.06079382,0.4969471,0.6359705,0.2470806,1.955467,0,1.441371,0.6123943,1.276218,0.4149428,0,0,0.04577576,0,0,0,0.9546234,0,0,0.5705742,0.4794579,1.50917,1.22209,0,0.1864643,0,0.6701201,0.9678808,0,0,0,0.5754508,0.6657622,0.395729,0.1285653,0.03845102,0,1.524376,0.2384099,0.5477911,2.263126,0.3349038,0,0,0,0,0,0,1.567017,0.1714077,0,0,0.8575801,0.912639,0,0,0.1148512,0.5445977,0,0.5641788,0,0.9059624,0,0,0,0,0,1.497286,0,0,0.08110244,1.395249,0,0,0,0.48477,0,0,0.3487428,0,0,0,0,0,0,0,0.1314233,0.5804403,0,0.6086222,1.920975,0.03311021,0,0,0,0,0,0,0,0,0,0,0,0.6540789,0.7462059,0.305524,0,0.7703502,0.7795573,0.2860635,0,0.6314435,0.8802819,0.6860538,0.846525,1.55859,0,1.190396,0.7467815,0.4345223,0,1.423987,1.507543,0.8449454,1.225196,0,0,0.1621867,0,0,0.3738084,0,0,0.4908726,0,0.03746496,0.7600491,0,0,0,0.6681358,0.008997194,0,0.2814301,0.2967755,0,0,0.0796039,0,0,1.677527,0,1.052961,0.6921728,0,0.3457658,0,0,0.8153532,1.412416,0.1771387,0.8067389,0,0,0,1.035175,0,0,0.3548259,1.375501,0,0.5802933,0,1.621454,0,0,0.1041573,0,0,0,1.828479,0.4124108,1.728698,1.193294,0,0.5293059,0,0,0.1338826,0,0.9425297,0,0.479727,0,0.4025065,0,0.06077253,0,1.401206,0.6795966,0.4325847,0,0,0,0.2542573,0,0,1.533893,0.2245172,0.6241739,0.5425441,1.120293,1.705193,0.4950765,0,0,0.1155538,0,0,0.9159554,1.098223,0,0.6890225,0.3035501,0.07151286,0,0.08624343,0,0,0,0.2521508,0.4585627,0,0,0,0.3738487,0.05999386,0.075554,0.2439789,2.193887,0,1.514684,0,0,0,0,0,0,0,0.5639164,0.7440934,0.5437891,1.004059,0.7526917,0,0.9541074,0,0,1.714429,0,0,0.5279737,0,0.2424446,0,0,0.0008237809,2.581953,0,0,0.7048146,0,0,0,0.4699665,0,0,1.63036,0.2572195,0,0,0,0,0.4772565,0.03304509,0,0.7972837,0,0,0.1928881,0,0.4869044,0,0.2282559,1.297776,0.2275005,1.319637,0,0,0,0.1378509,1.728241,2.087529,0,0,0,0,0,0.877243,0,0,0,0,0,1.024147,2.497663,1.419818,1.270126,0,0,0,0,0,0,1.564535,0.8814231,0,0,0,0.6656523,1.173033,0.02656023,0,0,1.471685,0,1.392621,0,0.1620898,0.960232,0,0.7617463,0,0,0.4687262,0.8785288,0,0,1.925179,0.02753273,0.1658848,0.4388432,0,0.4337122,0,0,0.9567897,0.2923191,0,0.2582461,0,0.1874159,0.1894065,0,0,0,0,0,0.8888732,0.6211394,0.6212634,1.843855,0,0,0.0492416,0.1491406,0,0,0.6843547,0,0.9195587,0.1512933,0.3734989,0.3691486,0.6786488,0.8229206,0.05638088,0.9487974,0.6495903,0,0.592023,1.183317,0,0.08017202,0,0,0,0,0,0.1111747,0,0,0,0.5098857,0.1140005,0.1222756,0.001518793,0,0,0,0,2.161536,0,0.7713982,0.6267444,0,0,0,0,0.5397619,0,0,0,0,0,0.5345802,0.5291883,1.129451,0.6163984,0,0.6706768,0,0.4439862,0.5925366,0.7048735,0.3221869,0.7507464,0.002685502,0,1.604298,0,0,0,0.09438631,0.5142773,0.7555315,0.133956,0.3131971,1.698473,0.3764592,0,1.278153,0,0,0,0,1.380539,0.6773234,0,0,0,0.2619029,0,0,0.5896766,0.6533371,0,0,0.104194,0.08322764,0,0.5952927,0.5635514,0.489176,0.6926289,0,1.021582,0.985542,0.5007109,1.065123,0.4832069,0,1.372215,0,0.4780427,1.257106,1.271182,1.272796,0.4886614,1.077262,1.862462,0.2881172,0.9452682,0,0,1.424168,0.6495379,0,0.4057874,0.0900638,1.310065,0,0,0,0,0,0,0,0,1.04294,0.8414818,0.3284275,0,0.5686606,0.2608519,0,0,0,0.3167971,0,0.1188025,0
0,1.143713,1.086262,0,0,0.4241076,0,0.6183119,0,0.7053468,0.9260759,0.9987214,0,0.5225778,0.2799096,0.2571318,0.4375648,0.7063062,0,0,0,0.2174749,0,0.9204443,0,0,0.3108397,0.6798537,0,0.9845541,0.574476,0.7232146,0.6546686,0,0,0.5477688,0.02465487,0,0.9622424,0,1.431831,0,0.5396273,0,0,1.257223,0,0,0,0.03119659,0,0,1.22416,0.344938,0,0.410352,0,0,0,0,0,0,0.1670334,0,0,1.118955,0,0.3907843,0,0,0,0.4667785,0,0.2548158,0,0,0.4308605,1.05262,0.9118328,0.07810783,0.09283137,1.149339,0,0.906636,0,0,0.2993543,0.6255875,0.472178,1.595423,0,0,0,0.4768133,0.3132453,0,0,0.3804216,0,0,0.4941313,0,0.5060544,1.163129,0,1.173843,0.3932219,1.343175,0.41326,0,0.02410769,0,0.6545801,0,1.480642,0,1.298796,0,0.2702558,0,0,0,0,1.260353,0.6701646,0.8244419,0,0,0,0.4229457,0.8063042,0.1577272,0.03430605,0.3937707,0.7905858,0,0,0.6489148,1.374507,0,0,0.6136582,0,0.400105,0.2034471,0.410264,1.348891,0,0.2715547,0,0,0.5732241,0,0.4789257,0.953526,1.025554,0,1.220782,0.8817363,0,0.418314,0.5292034,0,0,0.06788611,0,0,0,0,0,0,0,0.09986353,0,0,0.702951,0.002171278,0.6679924,0.1324027,0.6920018,0.7757618,0,0.4912181,0.1876776,0.4579723,0,1.00856,0.2545788,1.100702,1.489297,0,0,0.9731541,0,1.343678,0,0,0,0.3573997,0,0,0,0,0.06059813,1.109701,0,0.7364075,0.4632311,0.300827,0.1066895,0.1555986,0,0.1269286,0.4790161,0,0,0,0,0.3319192,0.7986085,0.6757798,0,1.285172,0,1.117029,0.7234013,0.2566757,0,0,0,0,0,0,1.169431,1.313722,0,1.53263,0,0,0,0.7845778,0.6424754,1.308576,0,0,0.5951238,0.1138499,0.1981184,1.194161,0,0.5732348,0.9802859,0,0.4705582,0,0,0,1.079657,0,0.831913,0,0,0.145117,0.6404617,0,0.9718487,0,0,1.395326,0,0,0.836097,0.8165946,0,0.2957547,0.0212009,0.3195901,0.3649378,0,0,0.9111772,0.7472951,0,1.087296,0.8081813,0,0.9399178,0.7298257,0.9127471,0,0.1323352,0.8290682,0.3949242,0.9306309,0,0,0,0.1758471,0.4711237,0,0,0,0.7263901,0,1.124934,1.403618,0.64674,0.707813,0.628273,0,0.8272562,0,0.8996646,0,0,0.8230431,0.9670999,0.1139545,0,0,0.773159,0,0,1.057975,0.6351967,0,0.3333142,0,1.28004,0.7755373,0.1985376,0.2211599,1.882304,0,0,0.3081348,0.6027358,0.6755371,0.9145143,0,0.5636735,0.2772403,0,0,0,0,0.1299598,1.330473,0.9452186,0.08991766,0.7698166,0.8709273,0.1012251,1.13932,0.4187269,0.2181318,0.4469631,1.295827,1.774866,0.9410989,0.7741203,0,0,0.6677606,0.8586371,0.5122476,0.750365,0.850239,0,0,0.8233447,0.167804,1.079973,0,0,0.6208935,1.117276,1.011286,0.9774063,0,0,0.5972409,0,0.7714763,0.8269873,0.5120435,0.3586869,1.405651,0.4953747,0.3699577,0.3884666,0,0.8326225,0.003952265,0,1.017367,1.06532,0,0.7655199,0,0,0,0.125622,0,0,0,1.235846,0.04769349,0,0.3091981,0.7366836,0,0.2783821,0.4750955,1.078744,0.8282933,0,0,0.2688897,0.1149695,0,0.9806747,0.8798573,0.403378,0.1813233,0.2001386,0.4016519,0.7186465,0,0,0,1.022401,0,0.6791339,0.5620503,0.8628738,0.259865,0.4317729,0.6912751,0.5516937,0.9305506,1.349478,1.258482,1.014672,0.3826001,0.8799772,0,0.6383491,0.850163,0.4135249,0.1634939,0.6672678,0.6794505,0,0,0.4550123,2.130231,0,0.5322745,0.5404782,0.2101703,0,0.2606876,0,0,0,0.06016254,0,0.3076398,0.8297701,0,0,1.184149,0.9850883,1.106743,0.8763127,0.5088575,1.633749,0,0.8027453,1.37258,0,0,1.281708,0,0,0.6184883,0,0,0,0,0.2537429,0.4054751,0.4714737,0,0,0,0.5257549,0.5638192,0.5576751,0.4208314,0.1410923,0.008812904,0.3713284,0.3823376,0.22755,0.3905253,0,0,0,1.47009,0,0,0,0,0.3942811,0,0.1668437,0.0183804,0.7902248,0.1324427,0.8617654,0,0,0,0.02272248,0,0.2785015,0.7467127,0,0,0.2082915,0.03870988,0.2312744,0,0.6856322,0.2944899,0,0,0.2332463,0,0.4706039,0.7747822,0.5543764,1.368307,0,1.188504,0,1.95205,0.4160991,0,0,0.02695274,0,0,0.1555455,0.2070172,0.2339709,0,0,0.1271365,0,1.586098,0,1.221131,0.4182017,0.3493984,1.044174,0.9263628,0,0,0,0,0,0,1.241743,1.22849,0.2721596,1.009312,0.8682895,0.1124032,0,0,0.6159582,0,0.3523593,0,0,0.009830475,0.4193053,0.2306719,0,0.9815869,0.3567281,0.3744631,0.5055032,0.3229053,0.6872652,0,0
0,0.9741554,1.171058,0,0,0.5915875,0,0.8692813,0,0.3250201,0.7565689,0.9882476,0,0.9512742,0.3374891,0.2096879,0.8188789,0.6941025,0,0,0,0.6309867,0,0.9274559,0,0,0.3448758,0.936048,0,0.8246696,0.5893517,0.5151567,0.5816081,0,0,0.7616088,0.007804155,0,1.007179,0,1.42259,0,0.7194152,0,0,0.9826727,0,0,0,0.5387676,0,0,1.166419,0.4071279,0,0.5692654,0,0,0,0,0,0.340229,0,0,0,1.048632,0,0.4240456,0,0,0,0.6534829,0,0.1827369,0,0,0.1732593,1.220602,1.002724,0.1849875,0,0.9699326,0,0.9551904,0,0,0.4709234,0.5771477,0.3055077,1.516303,0.1041944,0,0,0.6196525,0,0,0,0.6434469,0,0,0.3956573,0,0.4877455,1.194451,0,1.287669,0.3814421,1.368153,0.4645159,0,0,0,0.306622,0,1.521589,0.008548737,1.236563,0,0,0,0,0.368535,0.1583447,1.309469,0.7111015,1.065584,0,0,0,0.3461659,0.835494,0.1913333,0.4223082,0.4697835,0.8288667,0,0,0.4407127,1.20577,0,0,0.6935914,0,0.2471406,0.1267715,0.2631505,1.277205,0,0.3564103,0,0,0.6391144,0,0.2683904,0.9388125,1.029318,0,1.288087,0.8846502,0,0.606108,0.5048501,0,0,0.1185613,0,0,0,0,0,0,0,0,0,0,0.7176507,0.1508117,0.6848292,0.186002,0.6690516,0.720072,0,0.517046,0.03250122,0.7110531,0,0.9416406,0.1895788,1.197222,1.262571,0,0,0.7640264,0,1.382024,0,0,0.2375851,0.5742083,0.2896168,0,0,0,0.1135516,1.17836,0,0.6812456,0.4692221,0.3327799,0.1105046,0.2770302,0,0.3439097,0.2833934,0,0,0,0,0.107497,0.8435752,0.4477623,0,1.473789,0,1.260832,0.6891353,0.2116108,0,0,0,0,0,0,0.9016163,1.164461,0,1.824616,0,0,0,0.3550704,0.9547334,1.219807,0,0,0.4622684,0.2474732,0,1.296134,0,0.5464735,0.8340161,0,0.6665478,0,0,0,1.075337,0,0.8536167,0.02644682,0,0.1020079,0.736572,0,0.9630713,0,0,1.154862,0,0,0.6794605,0.6415019,0,0.4366975,0.3819969,0.07551908,0,0,0,0.9780204,0.7343042,0,1.26095,0.8517876,0,0.9848552,0.4927313,0.7428041,0,0.1217835,0.8151445,0.580662,0.9832585,0,0.04048443,0,0.2156458,0.3647468,0,0,0,0.9336176,0.4111001,1.136939,1.347842,0.478399,0.6560428,0.5362208,0,1.145241,0,0.9144433,0,0,0.7264678,0.8860898,0,0,0,0.8014119,0,0,0.9404743,0.5471103,0,0.3211083,0,1.232025,0.6606596,0.2608893,0.3089769,1.595784,0,0,0.4928169,0.368145,0.5649993,0.9825513,0,0.5752411,0.3338635,0,0.1434729,0,0,0.01956272,0.9551816,0.8343544,0.459502,0.8843889,0.7048614,0,1.110112,0.6458349,0,0.4168694,1.283671,1.47712,0.6120422,0.7775052,0,0,0.7217739,0.6334593,0.6745822,0.9039567,0.6974468,0,0,0.9622808,0.2797468,0.85953,0,0,0.6572917,1.157105,0.9664986,0.7649424,0,0,0.7198849,0.03573847,0.8384719,1.051095,0.5396051,0.1417592,1.373416,0.5646923,0.5754652,0.4356132,0,0.576277,0.09885097,0,1.070541,1.102975,0,0.651176,0,0,0,0.3519554,0,0,0,1.295052,0.005774021,0,0.1571405,0.9540477,0,0,0.7387092,1.390072,0.8920112,0,0,0.06735826,0.2517951,0,1.140134,0.6468179,0.1540327,0,0.5296063,0.3373013,0.7333608,0.2220459,0,0,1.073209,0,0.6766081,0.5441401,0.6013763,0.1920421,0.33375,0.8249593,0.1055782,0.7483604,1.414243,1.103519,1.240417,0.7504675,0.7232425,0.3357925,0.3530459,0.8291051,0.0742681,0.4040494,0.7864895,0.6222312,0,0,0.5896983,1.905705,0.1024549,0.3824646,0.5860527,0.009752512,0,0.3221097,0,0,0,0.2856331,0,0.3273709,0.4413211,0,0,1.141246,0.6720214,1.042193,0.9696202,0.3669643,1.487705,0,0.6905556,1.395848,0,0,1.277455,0,0,0.6767964,0,0,0,0,0.2750134,0.4941411,0.2955911,0,0,0,0.4247162,0.8880918,0.8445442,0.3038685,0.2735815,0.3975663,0.295367,0.3287301,0,0,0,0,0,1.43741,0,0,0,0,0.3455667,0,0,0.05833602,1.079556,0.3892269,0.5431426,0,0,0,0.1629438,0,0.479888,0.8659599,0,0,0.19046,0.5509923,0.3985932,0,0.6120446,0.3551393,0,0,0.2091959,0,0.7294643,0.650727,0.7375207,1.451941,0,1.094056,0,1.676145,0.09107208,0,0,0.1327395,0,0,0.1831188,0,0.1942916,0,0,0,0,1.674405,0.006176233,1.250904,0.2746744,0.4711132,0.8126976,0.7638509,0,0,0,0.1290596,0,0,1.065819,1.02051,0.442929,0.8617582,0.7579582,0.2413523,0,0,0.6857078,0,0.5380673,0.2313218,0,0.0142324,0.2955828,0.5429914,0,1.074552,0.587599,0.5217681,0.9234896,0.5590601,0.843519,0,0
0,0.9184049,0.08052534,0,0,0.1075569,0.7516382,0,1.321823,0.9811419,0.5797194,0,0.198741,0,0,1.338384,0,0.6351409,2.090717,0,0,0,0,0,0,0,0,0,0,0.5404562,0.1217008,1.358275,0.272693,0,0,0,0.3044031,0,0.2559103,0,0.4981748,1.782228,0,0.745873,1.382282,1.233228,0,0,0,0,2.490858,0,0.466521,0,1.479818,0.4838434,1.084421,0.4791201,1.977371,0,0,0,1.920857,0,0,0.5480728,0,0.2984304,0.5136251,0,0,0,0,0,0,0,0.609133,0.1283501,0.3106247,0.5806746,1.022625,0.1499034,1.996466,0.2674657,2.201568,0,0,0.2476311,0.1986253,0.7882791,0,0.9135146,2.067473,0,1.234825,0,0,0,0,0.3452848,0.5561416,0,0.3105516,0.3405437,0.2536342,0.5208737,0.2793098,0.2757385,0.001708388,0.9114596,1.373532,0.9384056,1.147766,0,0.2355278,0,0.6305664,0,0.7898266,0,0.1342251,0,0.1990842,0,0,0,2.478312,1.100402,0,0.5605205,0.365258,0.3701429,0,0,0,1.541398,0,0.5636166,0.3751611,0.9399979,0.6830566,0,0,0.6934304,0.5592395,1.468484,0,0,0.5383158,1.732914,0.1070302,0,0,0.356277,0.006233096,0.843637,0.4113592,0,0.2671997,0,0,1.044542,0,1.186339,0,1.536839,0,0,0.07951128,0,0.6874514,0,0.7525678,0,0,0.4387186,0,0,0.5782369,0.4963273,0,0.4800726,0.5481147,0.605814,0,0,0.6471474,1.029708,0,1.302649,0,0,1.181107,0.4145404,0.2018515,0,0.4199096,0,0,0.1585522,1.933584,0,1.497075,0,0.3154914,0,0,0.03776866,0,0,0.1985858,0,0,1.015536,0,0,0,0,0.4569339,0.06159669,1.39487,0.5756638,0.4156214,0,0,0.9186521,0,0,1.841201,0,0,1.835988,0,0.5254731,0.6969268,0,0,1.398173,0,0.3996142,0.824208,0,0.1733055,0,0,0.3620529,0,1.826765,0.1957002,0.2890859,0.2733598,0.394081,0,0,0,0,0,0.1546062,1.918446,0.683087,0,0.8062259,0,0.3104887,0,0,0,0.09592628,1.224376,0,0,0,0.511116,0,0.582159,0,1.139326,1.435704,1.668803,0,0,0.122517,0,0.1560322,0,1.151744,0.3435009,1.459707,1.011569,0,1.043898,0,0,0,0,0,0,0.2156552,1.160722,0,0,0,0.07439983,0,0.7892979,0.6637679,0,0.3384202,0.2061295,0.4607788,0,0,0.7376657,0,0,0.4244758,0.4378592,0.7036281,0,0.05171853,0,0,0,0.4612763,0,0,0,0.1313022,0.7926838,0.3189194,0.3685313,0,1.148332,1.088589,1.21698,0,0.8817624,0,0,0.4650983,0.3396283,0.6917781,0,0,0,0.635674,0,1.563848,0.4047647,0,0,0.341496,0,0.2923517,0,1.231697,1.498111,0.4183345,0.6110948,0.8369172,0,0,0,0.5093889,0.6909758,0,0,1.309791,0,0.2889978,0,0.5377133,0.9234107,0,1.635796,0.04402882,0.2480179,0.1462992,0.5025917,0,0.3489916,0,0,0.3866702,0,0,0.7156506,0.04462576,0.8840549,0,0,0.7682556,0.9815916,0.7029269,1.630834,0.8464955,0,0,0,0,0,0,0,0,0.08281958,0,0.6850808,0.5691786,0,0,0,0,0.4067513,0,0.2586699,0.5209376,0,0.8843046,0.7453529,0,0,0.1894556,1.197954,1.11839,0.02748716,0,0.8626088,0.6991316,0,0,1.957609,0.9288093,0,0,0.5828679,0.7861471,0,0.4418982,0,0,0.777793,0.4426479,0.2856159,0.4139088,0,0,0,1.253129,0.6201509,1.240146,0,0.695274,0.5406009,0,2.705128,0,1.3244,0,0.7691367,0.3991313,0.5285449,0,0.3974879,0,0,1.804349,0,0,0,0.8458973,0,0,0.5390915,0.8236637,0.1868666,0,0.5872343,1.081899,0,0.588624,0.4270792,1.534161,0,0.3402059,0,0,0,0,0,0,0,0.802901,0.4131502,0.09685439,0.1296003,0,0,0.3443571,0,0,0,0,0,1.157569,0.5450189,1.057181,0.9273007,0,0,0,0.1325904,0.8849268,0.4314486,0.6123166,0,0.6059455,0,1.631149,0,0.037857,0,1.385655,0,0,0.8213602,0,0.5974451,0,0,1.253388,0,0.8908682,0,0,0.6392294,0.5344139,0,0,1.50916,0.2794247,0,0,0.4806141,0,0.3457233,0,1.454469,0,0.404242,1.597609,0.1978599,1.214561,0.267703,0,0.3013391,0.4003234,0,0.09110004,0,0,1.058586,0,0.7236149,0,0.4328696,1.063025,0,1.592221,0.7413087,0,0.05184698,0,0,2.054114,0,0,0.5209683,0,0.8608869,0.2352442,0.4246359,0,0,0,0.268295,0.4332733,0,0.4016016,0.6717751,0.4416901,0,0,0.1480564,0,0,0.05094224,0.1129972,0.3596181,0,1.084059
0,0,0,2.058257,1.861273,0,1.082144,0,0.01404476,0.177514,0.04692209,0,0.6785005,0,1.095734,0.6625183,0,0,1.617625,0.424672,1.83481,0,0,0,1.826417,1.702592,0,0,0.165058,0,0,0,0,1.635424,1.459435,0,0,0.4983379,0,2.112421,0,0.4666764,0,0.4661222,0,0,1.406991,1.701476,1.10254,0.3427042,0.9787436,0.547098,0,0,0.0862385,0,1.041969,0.2979046,0.5868835,0.8606756,0.5258006,0,0,2.280724,2.04752,0,0.4905924,0,2.028826,0,0.1388612,0,1.857913,0.4466075,1.794049,0.8926538,0.6570913,0,0,0,0,0,0.8723836,0,1.090603,2.004966,0.0236764,0,0.1451606,0,0,0,0.1102314,0,0.5040047,1.468809,1.806222,0.06378913,1.636109,0.9904023,0,0.4128741,0,0,0.3814369,0,0,0,0.0006673336,0.6429179,0,0.07088602,0,2.227231,0,0.09535944,0,1.169579,0.6154795,2.038084,0,0.1014249,0,0,0,0,0.4153645,0.9095081,0,0,0,0.8884345,0.1891185,0,0,1.09888,0,0,0,1.628175,0.3169066,0,0,0,0,0.4732796,0,1.92196,0,0.6743495,0,0,1.342746,0,0,0,0.3986579,0,0,0,0,0,0.004714012,0,0,0,1.203561,1.347546,1.517817,2.183215,0.2340389,0,0,0.5314181,0.6475279,0,0.8489927,0,0.4522116,0,0,0.5228992,0,0,0,0.3829,0,0,0,0,0.1224635,0.9249344,0,0.4492649,0,1.997985,0.5707999,0.0005476475,0,0.1787688,1.405971,1.910507,0.9842517,0,0,2.236734,0,0,0.1177365,0,0,0.3530111,0.04292369,0.04111946,1.001386,1.846458,1.704342,1.407475,0.6764464,0,0,0.9831668,0,0.3134972,0,0,0,0,1.049695,0,1.634853,0.3814849,0.1265051,0,0,1.587662,0,0.9233903,0.2438248,0.7070926,0,0,0,0.2455109,0,0,0,0,0,1.051132,0,0,0.6583532,0,0.3823662,1.387798,1.475057,0,2.726819,0,0.4350647,0.9761938,0,0,1.908265,0,2.000711,0.1179556,0,1.98391,0.4782481,0,0,0.2659054,0,0,0.3808212,0.479502,1.471834,1.383147,0,0,1.372958,0,0,0.10369,0,0,0,1.10084,0.5511014,0,0,0,0.6489872,0,0,0,0.4427435,2.07474,1.373275,0.2701552,0,0,0,0,0,0,0,0.4953133,0,1.33517,0,1.94791,1.491189,0,0,0.5135655,0.9807441,1.223745,0,0.8887658,2.067242,0,0,0,0,0.5104671,0,0,0.3069915,0,0,0.6019021,0.007327318,0,0,0,0,1.816889,0,0,0,0,1.517722,1.346334,0,0,0,0,0,0,1.647928,0,0,0.5758675,0,0,0,0,0,0,1.719303,0,0,0,0,0,0,0.5207312,0,0,0,2.078169,0.3191342,0,0,0,0,1.362357,0.3700502,0,0,0,0,0,0.7165177,0,0,0,0,0.2080117,0,0.04470861,0.6572577,0,0,0,0,0,0.9807056,0,0.1656568,0.7302592,0.2134732,0,0,0,2.067893,0.3937443,0,1.012656,0.6777983,0,0,0,0,0.3175194,0,0.4023356,0,0,0,0,0,0,0.3314062,0,0.5515294,2.243956,0,0,0,0,0,0,0,0,0,0,0,0,0,0,0,0,0.3222183,0,0,0.5386477,0,0,0,1.751092,0,0,0,0,0,0,0.5742453,0.9926616,0,0.9298867,2.235541,0.05124581,0,0.2760026,0.5514812,0.2091054,0.2417915,2.06878,0,0,0,0,0,0,1.02948,0,0,1.469483,1.947501,0,1.952519,0,0,1.737501,2.259043,2.730677,1.683506,0.1562775,0,0.2477279,0.2861062,0.1439983,0,0,0,0,0,0,0,0,0,0,0.3510094,0,1.00018,1.525318,0,1.208678,0.6286135,0.8395549,1.944572,0,0.6325332,1.040278,0.1208793,0,0,0,0.1050022,0.07917404,0.9166305,0.6381152,0.7037467,0,0,1.87919,0.9074513,0,0,0,1.1946,0,0,0,0.207024,0,0,0,0,0,0,0.2547711,0,2.130286,0,0,0,1.130817,0,1.516494,0.5926895,0.09282815,0.550845,0,1.107757,0.2267166,0.2079643,0.5270851,0,0.6710606,0,0,0,0,0,0.9672818,1.761702,0,0,0.2567732,0.5593581,0,0,0,0,0,0,0.9738957,1.639521,0,1.019423,0,0.3624989,0.8708705,0,0,0,0,0,0,0.4145211,0,0,0,0.5599047,0.1336172
0.5647026,0,0,2.02597,2.00127,0,1.229064,0,0.1323034,0,0,0,1.173649,0,0,0.05657387,0,0,0.9981279,0.7347509,1.012425,0,0,0,1.806309,1.845418,0,0,0.4076147,0,0,0,0,1.760029,0.7094598,0,0,0.9397236,0,1.996,0,1.528973,0,0.3744473,0.08770704,0,0.3513527,1.89538,0.7094907,0,0.8120257,0.5943425,0,0,1.221113,0,0.3392867,0,0.7361178,0.2239629,0.6217695,0,0.1280365,1.672253,2.124943,0,1.617436,0,0.2000774,0.6809986,0,0,0,0,1.85486,1.619234,0,0,0,0.09018135,0.2060862,0,0.1467195,0,0.5179501,2.105145,0,0,0,0,0.09898436,0.9747407,1.464148,0,0,2.142227,1.908526,0,1.463222,0.07687938,0,0.7409509,0,0,0.7497646,0,0,0,0,1.159354,0.1341323,0.938197,0,2.126055,0,0.02215219,0,0,0,1.800045,0,0,0.6205307,0,0,0,0.3117754,1.733395,0.3701915,0,0,0.1099898,0,0,0,0.9862053,0.2840382,0,0,0.5685264,1.171795,0,0.2180133,0.06105733,0.7987877,0,0,1.560596,0,0.03114557,0,0,1.563947,0,0,0,1.004383,0,0,0,0,0,0.4924499,1.11987,0.4307879,1.229027,1.45595,0,0.5038598,2.036974,0.687302,0.5775069,0.5093844,0.9013451,0,0,0,0,0.1440331,0,0,1.035915,0,0,0,0.3424045,0,0.1828983,0,0,0,0.7737273,0,0.2731277,0,0.8570963,0.005182981,0.004913568,0,0.2782923,0,1.939444,0.4773221,0.5158367,0,0.8634343,0,0,0,0,0.3720286,0.3153027,0,0,0.9992571,1.90915,1.763425,0.9105815,0,0,0,0.8122854,0,0.5400558,0,0,0,0.9943275,0.1760781,0.7814078,1.411355,0.4720087,0.3545105,0,0,2.077029,0,0.5998886,1.321739,0.7987506,0,0,0,0.286526,0.9282999,0,0,0.01142836,0,0.9269469,0,0,0.5755905,0,1.98448,1.197598,1.66394,0,0.1321508,0,0,1.089933,0.07627451,0,1.994882,0,2.022424,0.2688371,0,2.046841,0.1999047,0,0,0.02146292,0.007980108,0.2436794,0,0.1106124,0.9107864,1.762392,0,0,1.535903,0,0,0.3175604,0,0,0,0.8446504,0,0,0,0,0.5016558,0,0.4476979,0,0,1.991418,1.75286,0.8588752,0,0,0,0,0,0,0,0.9329956,0,0.7469097,0,2.054316,2.083572,0,0,0,2.176443,0.08905077,0,1.428187,1.969458,0,0,0.5072439,0,0.922119,0,0,0.3408324,0,0,0.6946242,1.008509,0,0,0,0,1.252339,0,0,1.533822,0.06126022,2.510425,0,0,0,0,0,0,0,0,0,0,0,0,0,0,0,0,0.7631724,1.70794,0,0,0,0,0,0.9714015,0.5680243,0,0.2207274,0,2.082298,0.3935609,0,0,0,0,0,0.3053273,0,0,0,0,0,0.07940245,0,0,0,0.02193236,0.5117534,0,0,0.3616482,0,0,0.6167639,0,0.6845757,0.9412855,0.3058028,0.03195143,0.7262241,0,0.6411084,0,0.2254682,1.533466,0,0,1.179061,0.1011947,0,0,0,0.472769,0.2701792,0,0.009450436,0.1518431,0,0,0,0,0,0,0,0,2.08999,0.6382077,0,0.9956595,0,0,0,0,0.01514745,0,0,0,0,0,0,0,0,0,0,0,0,0,0,0,1.951988,1.308617,0,0,0,0.04053664,0,0,0.3736327,0.3842264,1.474256,2.041351,0.6411805,0.2166698,1.274705,0,0,1.245043,2.073605,0,0,0,0,0.08599102,0,0.5605098,0,0,1.019103,2.050486,0,2.265393,0,0,1.095151,2.211548,0,2.059334,0,0,0,0,0.8165509,0.8880799,9.75132e-05,0,0,0.02470398,0,0,0,0.2015294,0.1225457,0.009804964,0.2823601,0.3286332,0,0,1.676859,0.8939558,0.9181247,0.7223656,0.004842043,0.283358,0.1202067,0.0183692,0,0,0,0.1543518,1.006846,1.815013,0,0.5210325,0,0,0.1443146,0,0,0,0.3062044,0.1035306,0,0.10778,0.05732799,1.544608,0.114687,0.5264604,0,0,0,0,0.07405376,0,1.917143,0,0,1.268615,1.638543,0.4376452,2.138054,0.6132416,0,0,0.001548767,1.754889,1.736001,0,0.6763474,0,0,0,0,0,0,0,1.916395,1.89484,0.2879393,0.3935429,0.5595783,0,0,0,0,0,0,0,1.163081,1.61243,0,1.299154,0,0,0.8342787,0.5769464,0,0,0.146228,0,0,0,0,0.1143142,0,0.3218703,0.892724
0,0.5815449,1.149128,0,0,0.859571,0,0.8035951,0,0.4997435,0.7418914,1.15212,0,0.7361619,0.08657694,0.196378,0.8837764,0.7797406,0,0,0,0.1823847,0,0.9335642,0,0,0.5660303,0.7234871,0,0.8459222,0.5020297,0.4882362,0.7217185,0,0,0.9234824,0.2374885,0,1.137297,0,1.451479,0,0.7359517,0,0.1283567,0.8756807,0,0,0,0.3236921,0,0,1.196693,0.4916835,0,0.4928319,0,0,0,0,0,0.3523741,0,0,0,0.9824021,0,0.246052,0,0,0,0.7263651,0,0.09472322,0,0,0.3491182,1.431413,0.825851,0.09201169,0,0.9582386,0,0.8950126,0,0,0.06755018,0.6236448,0.357136,1.44395,0.06457543,0,0,0.6397955,0,0,0,0.77615,0,0,0.2027347,0,0.6150026,1.19841,0,1.088229,0.4747925,1.348139,0.4072552,0,0,0,0.3243701,0,1.565954,0,1.113381,0,0,0,0,0.3818741,0,1.442446,0.8840282,1.072678,0,0,0,0.4917774,0.9295547,0,0.2624965,0.4647999,0.8507583,0,0,0.4613495,1.296071,0,0,0.7145064,0,0.2893045,0,0.2356136,1.528147,0,0.2692869,0,0,0.6079209,0,0.2159872,0.8278749,0.9005311,0,1.461173,0.8889868,0,0.6597967,0.5126286,0,0,0.09034014,0,0,0,0,0,0,0,0.04562449,0,0.04894209,0.7591832,0.1004307,0.9304991,0.1717985,0.9668024,0.8566127,0,0.4848919,0.3942292,0.9119034,0,0.9043148,0.4317799,1.297047,1.170659,0,0,0.6714108,0,1.446105,0,0,0,0.6219485,0,0,0,0,0.05949521,1.129707,0,0.8889918,0.5319159,0.5376809,0.1008012,0.341337,0,0.4214528,0.3713524,0,0,0,0,0.1150284,0.8952341,0.6302404,0,1.321885,0,1.167666,0.7015285,0.4837909,0,0,0,0,0,0,1.021026,1.304648,0,2.121598,0,0,0,0.7449541,1.040153,1.275924,0,0,0.4128094,0.303757,0,1.188869,0,0.3934238,0.715559,0,0.865463,0,0,0,1.040156,0,0.8340695,0,0,0.2387521,0.7090957,0,1.074643,0,0,1.274938,0,0,0.5707796,0.7243056,0,0.08744025,0.05496955,0.08061934,0,0,0,1.069963,0.8107736,0,1.196707,0.9167507,0,1.053094,0.4047718,0.7055554,0,0,0.8305726,0.4512546,1.019906,0.03565645,0.3789928,0,0.2318411,0.1408584,0,0,0,1.076521,0.2869511,1.007283,1.326375,0.3967648,0.7326095,0.5451844,0,1.00696,0,0.9313698,0,0,0.7948055,0.918535,0,0,0,0.8546743,0,0,0.9128175,0.6941342,0,0.4054844,0,1.135319,0.7574761,0,0.3593392,1.840169,0,0,0.4128985,0.2522364,0.828294,0.914196,0,0.5467923,0.1715698,0,0.04334188,0,0,0.2617598,1.124386,0.6711671,0.2666142,1.148929,0.8699327,0.080019,0.9435825,0.789047,0,0.1263123,1.32158,1.553863,0.9946866,0.9209626,0,0,0.5667388,0.5804787,0.8314319,0.9016588,0.5913558,0,0,1.107421,0.003167391,0.8329997,0,0,0.8660605,1.15068,1.017431,0.9655671,0,0.03390169,0.8881955,0.238378,0.8445783,1.118519,0.5987687,0.2768629,1.069677,0.5332768,0.4611857,0.1214447,0,0.445152,0,0,0.7820477,1.019742,0,0.8854828,0,0,0,0.1748023,0,0,0,1.149404,0,0,0.5097153,0.7833188,0,0.0404644,1.017183,1.077535,0.6499648,0,0,0.2208383,0.3627632,0,1.105431,0.6368284,0.3263233,0.1694036,0.550437,0.2625027,0.7941527,0.4050376,0,0,0.8173292,0,0.6842833,0.4343424,0.2794437,0.3284373,0.503561,0.8468008,0.4314797,0.6724968,1.528963,1.252424,1.066279,0.7359531,0.914897,0,0.4037569,0.4704056,0.001855373,0.3099608,0.769171,0.6795824,0,0,0.7398665,1.873723,0.4740863,0.2911234,0.616396,0.2434955,0,0.1455386,0,0,0,0.05918217,0,0.5844145,0.6987989,0,0,1.215361,0.7345355,1.104683,0.9291031,0.5250037,1.480839,0,0.8573859,1.324688,0,0,1.26799,0,0.05929351,0.80425,0,0,0,0,0.02802563,0.4076743,0.7895451,0,0,0,0.4408123,0.8445547,1.162902,0.3328001,0.2917426,0.3198571,0.1735177,0.03040862,0,0,0,0,0,1.355045,0,0,0,0,0,0,0,0,0.9527452,0.3640919,0.6163509,0,0,0,0.4082224,0,0.1969769,1.039604,0,0,0.1521783,0.02001858,0.3772664,0,0.6160359,0.7726083,0.2578495,0,0.01473546,0,0.7173312,0.655097,0.4871941,1.375164,0,1.046286,0,1.905325,0,0,0,0,0,0,0,0.1170943,0,0,0,0.07866621,0,1.368391,0.05233335,1.001824,0.07929277,0.4702036,0.7077107,0.7289877,0,0,0,0,0,0.03721905,1.260654,1.202564,0.1729677,0.7185206,0.8346505,0.1121726,0,0,0.8490207,0,0.3265252,0.2818358,0,0,0.3584836,0.5823898,0.2734764,1.162366,0.6210783,0.7314725,0.7786851,0.307327,0.6792676,0,0
0.5233673,0,0,2.311515,2.149429,0,1.243886,0,0.358749,0,0,0,0.2058187,0,0,0,0,0,1.494461,0.1628573,1.389794,0,0.1977675,0,2.118779,1.946115,0,0,0.664946,0,0,0,0,1.900437,0.7569033,0,0,0,0,2.32044,0,1.065392,0,0.7093853,0,0,0.8148832,2.084656,1.123128,0,1.102033,0.06905842,0,0,1.303798,0,0.529797,0.4686272,0.5795997,0.6805468,0.5252036,0,0.2394559,2.231034,2.322321,0,1.202819,0,1.819851,0.3280773,0.7501158,0,0.5505481,0,2.032744,1.139164,0.01750684,0,0,0,0,0,0.5750563,0,0.9405221,2.136882,0,0,0,0,0,0.9220153,1.036276,0,0.1630418,2.056664,2.134962,0,1.642901,0.5012681,0,0.2848098,0,0,0.7159147,0,0,0,0,1.173522,0,0.4946138,0,2.347162,0,0,0,0.3289404,0.1959183,2.318263,0.5333948,0,0,0,0,0,0.7445201,1.293014,0,0,0,0.05252028,0,0,0,0.4177859,0.1136103,0,0,0.7419803,1.128015,0,0.2333806,0,0,0,0,2.041703,0,0.441397,0,0,1.500907,0,0,0,0.6908442,0,0,0,0,0,0.1545763,0.5877439,0,0.625905,1.719337,0.285445,1.42868,2.293472,0.429976,0.5724308,0,0.9409655,0.1541686,0,0.2212999,0,0,0,0,0.5167121,0,0,0,0.06765866,0,0,0,0,0.0508039,0.5444542,0,0.02789879,0,1.009702,0.3154833,0.0423696,0,0,0.6002517,2.182259,0.625712,0,0,1.622645,0,0,0,0,0,0,0,0,0.5315173,2.208975,2.012693,1.589235,0,0,0,1.019981,0,0.08666205,0,0,0,0.01855516,0.9717305,0.298578,1.928066,0.5834795,0.4310516,0,0,1.972665,0,0.8989384,0.862668,0.3980925,0,0,0,0.4093109,0.6749973,0,0,0.1610951,0,1.008297,0,0,0.6202867,0,1.285461,1.456412,1.790314,0,1.693857,0,0.1790574,0.7807685,0,0,2.184868,0,2.339469,0.2270379,0,2.286956,0,0,0,0,0,0,0,0.2871106,1.61546,1.688015,0,0,1.741805,0,0,0.5924586,0,0,0,0.7781802,0,0,0,0,0.07387638,0,0.3666022,0,0,2.30675,1.543231,0.1165791,0,0,0,0,0,0,0,0.3651513,0,0.7760863,0,2.37377,1.973524,0,0,0.1636295,1.864524,0.9242634,0,1.368753,2.363603,0,0,0.06858444,0,0.06899285,0,0,0,0,0,0.1359649,0.8300818,0,0,0,0,1.298202,0,0,1.110403,0,2.196544,0.5708487,0,0,0,0,0,0,0.4326153,0,0,0.2471051,0,0,0,0,0,0.282594,1.956776,0,0,0,0,0,0.5109445,0.1576042,0,0,0,2.355127,0.4426445,0,0,0,0,0.4864538,0.06443214,0,0,0,0,0,0,0,0,0,0,0.1035771,0,0.01781607,0.6466367,0,0,0.0147326,0,0.4874798,0.9641088,0.1962719,0.2900205,0.6559799,0.2174518,0,0,0,2.006934,0,0,1.191358,0.03516483,0,0,0,0,1.187932,0,0,0.1640766,0,0,0,0,0,0,0,0,2.293766,0.6618445,0,0.4419924,0,0,0,0,0,0,0,0,0,0,0,0,0,0,0,0,0.01512957,0,0,0,2.194649,0.9583369,0,0,0,0,0,0,0.7288562,0,0.5232666,1.923334,0.4255167,0,1.097832,0,0,1.308136,2.332088,0,0,0,0,0,0,0.6129142,0,0,1.824606,2.369394,0,2.129735,0,0,1.604828,2.361114,1.666284,2.270651,0,0,0,0.08246803,0.4786797,0.4450582,0,0,0,0,0,0,0,0,0,0,0.3089745,0.3163517,0.7320004,0,1.348838,0.1527233,0.6216232,1.932531,0,0.7980444,0.317317,0,0,0,0,0.1404817,0.5637292,1.543048,0,0,0,0,0.5469667,0.5803432,0,0,0,0.457435,0,0,0,1.169109,0,0.171639,0,0,0,0,0.1585243,0,2.389191,0,0,0.3036928,1.354481,0,2.237534,0.6021007,0,0.0194211,0,1.80684,0.9824845,0.2104716,0.6631973,0,0,0,0,0,0,0,1.749195,2.215999,0.1758192,0,0.7847711,0.5041163,0,0,0,0,0,0,0.5390962,1.823035,0,0.9869832,0,0.1554449,1.10996,0.04866362,0,0,0.03067493,0,0,0,0,0,0,0.2091534,0.6933905
0,0.8143067,1.107899,0,0,0.05392933,0,0,0.01463985,1.02124,0.8086474,0.6005428,0.210906,0.3574626,0.4292743,0.3938596,0,0.5873511,0.1655238,0,0,0.04038453,0,0.6887095,0,0,0,0.0984211,0,1.213476,0.5885692,0.7165084,0.2005935,0,0,0,0,0.3002846,0.4347045,0,1.158237,0,0.3495939,0,0.4342525,1.668072,0,0,0,0,0,0,0.8502724,0.6118336,0,0.09556818,0.1405816,0,0.5314918,0,0,0,0,0,0,1.042539,0,0.5516474,0,0,0,0.5995719,0.08383083,0.7174966,0,0,1.118304,0.4132762,0.9077744,0.6028376,0.4447875,0.7915628,0.4865122,0.5814981,0.6658356,0,0.7146308,0.4451766,0.2951944,1.400773,0.2871015,0,0,0.09601736,0.3529651,0,0,0.7964795,0,0.391341,0.9622674,0,0.6600523,0.8351147,0,1.220711,0.1429863,0.7624466,0.7537897,0,0.4877825,0,0.9203,0,1.216698,0.2583237,1.189186,0,0.7593493,0,0,0,0,0.3630037,0,0.3011844,0.5600846,0,0,0,0.8500302,0.7904088,0.132179,0.1006646,0.9167304,0,0,0.4343758,0.8176789,0.06550217,0,0.09591985,0,0.33898,0,1.301658,0.8449388,0,0.8042972,0.6471198,0.08478475,0.7916512,0,0.7544675,0.3730295,0.3609135,0,0.5197971,0.9528172,0,0.04447556,0.5279591,0,0,0.309454,0,0,0,0,0,0,0,0,0,0,0.4842131,0,0.04487181,0.6631908,0.7013187,0.02653861,0.03528309,0.9019525,0.5554526,0.7173491,0,1.442249,0.8358965,0.7518253,1.471199,0,0.01687789,1.16392,0.5497367,1.159702,0,0.4592175,0,0.4737272,0.2037945,0.4219639,0,0.6666884,0,0.9171565,0,0.299587,0.06232023,0.6402669,0.05665231,0,0.5817614,0,0.7255056,0.2550151,0,0,0,0.6000319,0.9328218,0.5890613,0,1.001028,0,0.4130931,0.6828978,0.3920367,0,0.662941,0,0,0.1701763,0,1.143953,1.060701,0,1.044285,0.3941336,0,0.3631334,0.6697001,0.0385325,0.9496429,0,0,0.01007676,0.1929486,1.054501,0.7037988,0,0.9634621,1.151881,0,0.1057472,0,0,0,0.9026189,0.04323912,1.087106,0.2492013,0,0,0.9741664,0,0.5018067,0,0,1.466296,0,0.01173949,0.4774714,0.7783175,0,0.6654088,0,0.5125432,0.807178,0,0,0.3865538,0.8126822,0,0.9678326,0.6670618,0.3554633,0.9419818,1.116233,0.9624608,0,1.04743,0.7768955,0,0.4039364,0,0,0,0.5852947,0.7652757,0,0,0.07462406,0.4794593,0,1.193719,1.32825,0.6951656,0.8508196,0.7609229,0,0.07070088,0,0.555094,0,0,0.7848394,1.010022,0.53302,0,0.3716764,0.3153019,0,0,0.7879508,0.472919,0,0.5957465,0.1109252,1.261148,1.009099,0.7091191,0.47329,1.657679,0.3708029,0,0,0.9934466,1.082855,0.6845171,0,0.1468561,0.5198822,0,0,0,0.4638503,0.3986704,1.425927,0.7199221,0,0.3965273,0.8391478,0.7551308,0.5365596,0,0.7237084,0.973532,1.421335,1.361871,0.6986504,0.525394,0,0,0.8437128,0.922121,0,0.4036298,0.8492353,0,0,0.2822208,0.5986464,1.33304,0,0.5337398,0.4028666,1.014688,0.8571057,0.8031392,0,0.5401073,0.09682703,0,0.4745393,0.2963481,0.2826231,0.6239853,0.9183302,0.7825856,0.1311917,0,0.4678297,0.9247236,0.4655423,0.3553545,1.075346,0.9787621,0,0.1997008,0,0,0,0.1633372,0,0,0,0.8250368,0.444649,0,0.1568491,0.01792169,0,0.3899696,0.01806951,1.090049,0.7108665,0.4136496,0,0.6122947,0.2133911,0,0.8733127,1.336027,0.7226605,0,0,0.9074352,0.9968908,0,0,0,1.214471,0,0,0.7211964,0.5904777,0,0.7687731,0.5340543,0.700763,0.6889191,1.42009,1.164141,0.9425874,0,1.018661,0.2619998,0.4753771,0.6483176,0.7836552,0,0.5401227,0.4661827,0,0,0.3316336,2.127224,0,0.8182371,0.5232763,0.2860298,0,0.4294226,0,0,0.7158546,0.1237128,0,0.4919147,1.052525,0,0,0.6786079,0.8300395,0.6503229,0.5031312,0.5184178,1.30535,0,0.2978754,0.9709535,0,0,1.376229,0,0,0.1278734,0,0,0,0,0.2659245,0.7479131,1.062014,0,0,0,0.8484161,0,0,0.09081602,0.3639588,0,0.5974007,0.7382064,0.7394142,0.3331459,0,0,0,1.292056,0,0.4710009,0,0,0.1992748,0,0.9153302,0.04483438,0.5270314,0,1.259,0,0,0,0,0.6020129,0.5254824,0.5523376,0,0.0646441,0.1098022,0,0.2091424,0.465167,0.4519973,0,0,0,0.2679543,0,0,0.9666696,0.8044391,1.238554,0,1.060825,0,1.470172,0.599911,0,0,0.5843713,0,0.06115317,0.4649463,0.1794198,0.2422881,0,0,0.5321879,0,1.424202,0.2743628,0.9624512,0.2453794,0.5519598,1.267729,1.347945,0,0,0,0,0,0,0.4901454,1.136977,0.7217231,1.019111,1.111278,0.3701797,0,0,0.4533498,0,0.1410267,0,0,0.6173818,0.5670371,0,0,1.164358,0,0,0.2999573,0.4059734,0.8072078,0,0
0,0.6395872,0.9572387,0,0,0.8819263,0,0.5700595,0.3369551,0.5093033,0.7944374,0.6344316,0,0.5366414,0,0.5332425,0,0.7332046,0.2158561,0,0,0,0,0.7091398,0,0,0,0.4419758,0,0.5010684,0.6565022,0.7285671,0.596087,0,0,0,0,0,1.179734,0,1.505827,0,0.3622384,0,0.5631592,0.6705592,0,0,0,0,0.1741054,0,0.9800992,0.2633486,0,0.5180914,0.06006885,0,0.6383142,0,0.3449945,0,0.2462707,0,0,0.9099929,0,0.1770227,0,0,0,0,0,0,0,0,0.7193003,1.226842,0.547312,0.2964919,0.7584646,1.097323,0.7618728,0.7646313,0.7275693,0,0,0.6258969,0,1.334996,0,0.684895,0,0.6809096,0.4210033,0,0,0.5188463,0,0,0.3464656,0,0.8154361,0.5277042,0,1.008033,0.5795267,1.335033,0.2805007,0.2633684,0.5996156,0,0.5669191,0,1.297585,0,1.123617,0,0.7885613,0,0,0,0,1.124302,1.000718,0.9985776,0.9096293,0,0,0.9457581,0.7032635,0.1163194,0,0.5225348,0.591342,0.1158497,0,1.184489,1.403771,0.21018,0,0.6913359,0,0.9844477,0,1.159095,1.277356,0,0.2337174,0.7902236,0,0.4255979,0,0.2401016,0.6020977,1.143642,0,0.7317896,0.6411736,0,0.7098093,1.113032,0,0,0.1290505,0,0,0,0.03778696,0,0,0,0.2644641,0,0,0.6594017,0,0.9963601,0.3199697,0.8391097,1.052569,0,0.5037258,0.6024511,0.2526956,0,1.136894,0.9829671,0.7738352,1.68828,0,0,0.389436,0,1.491864,0,0.1227055,0,0.3254738,0,0.6635664,0,0.1131041,0.2244709,0.9176478,0,0.7560554,0.7833967,0.5824125,0.1471446,0.7467411,0.07344842,0,1.322005,0,0,0,0,0.611583,1.080571,0.7942538,0,1.361604,0,0.9585757,0.8667474,0,0,0.308408,0,0,0.2326899,0,1.277888,1.063498,0,1.407838,0.4145529,0,0,0.84009,0.7011452,1.335445,0,0,0,0,0.6106827,0.9681609,0,0.5076594,0.5732496,0,0.8794346,0,0,0,0.8635025,0.4317052,1.04752,0,0,0,0.7241213,0,1.016444,0,0.4777799,1.534272,0,0,0.5351539,0.8414237,0,0.1653225,0,0,0.7016709,0.0359261,0,0.8627214,0.5469859,0,1.083669,0.7236557,0.3367057,0.6351676,0.7190609,1.179114,0,0.430752,0.5721309,0.08998632,1.024034,0,0,0,0.2806189,0.7806695,0,0,0,0.9040687,0,1.066568,1.123311,0.7084334,0.5814395,0.696559,0,0.4705696,0,1.233014,0,0,0.8183515,0.9316905,0.1925328,0,0.075032,0.6352634,0,0,1.015397,1.001139,0.1840324,0.3932786,0,1.349687,0.4652717,0,0.29719,1.518631,0,0,0,0.1462405,0.9178543,0.4414051,0,1.004796,0.6145775,0,0.1395016,0,0.3714554,0,1.376379,0.7998388,0,0.5343082,0.9090815,0,0.910506,0.8103726,0.7699752,0.4055936,1.391281,1.410931,1.138845,0.8637466,0,0,0.560905,0.09216714,0.5603187,0.794837,1.03332,0,0,0.7088325,0.2333586,0.5826859,0,0.4680727,0.5787854,0.9554377,1.142685,0.5038505,0,0.2554722,0.1045606,0,1.095291,0.4965003,0.6168051,0.02076769,1.288343,0.1043942,0,0.5416887,0.04483294,0.5190933,0,0.4724987,0.8071418,0.4935291,0,0.8008187,0,0,0,0.8594465,0,0,0,1.566504,0,0,0.06055236,0.5888367,0,0,0.2791028,0.6331973,0,0.3823717,0.2547803,0.9107807,0.4990487,0,1.089818,0.7418249,0.4015884,0.1333082,0,0.08106232,1.133322,0,0,0,1.003787,0,0.0990994,0.2200329,0.5658941,0,0.191169,1.045664,0.4549167,0.8217366,1.540848,1.533083,0.9201565,0,0.924283,0,0.8524017,0.6065552,0.6734469,0,1.026892,0.5614724,0,0,0.7090564,2.087414,0,0.5752673,0.8917804,0,0,0.04469895,0,0,0.5053756,0.1283696,0,0.2389376,0.5118604,0,0,1.341798,0.6352763,0.9050903,0.8130686,0.5706899,1.591841,0,1.266226,1.452053,0,0,0.7847369,0,0,0.6085231,0,0,0,0,0.05961752,0.5157578,1.207443,0,0,0,0.3213289,0.1401672,0.406215,0.1969883,0,0.4782405,0.3755095,0.3400426,0.5676978,0.01591945,0,0,0,1.123043,0,0,0,0,0,0,0.7065082,0.6395795,0.9028203,0,1.103128,0,0,0,0.5007193,0,0,0.8126185,0,0.3201466,0.7380881,0,0.1637468,0.3508875,0.6892767,0.593956,0,0,0.1224179,0,0.00453496,0.8837667,0.1988358,1.361289,0,1.586625,0,1.89824,0.8119295,0.1967087,0,0,0,0,0,0,0,0,0,0.8928635,0,1.113245,0,0.9761865,0.4359019,0.2494977,1.418916,0.6926451,0,0,0,0,0,0,1.263652,0.9190757,0,0.7183888,0.9103312,0,0,0,0.5910144,0,0.5215821,0.07167721,0,0.3469317,0.43538,0,0.00331378,1.050694,0.5569291,0.4636986,0.5146377,0.2424958,0.5445957,0,0.6410658
0,0,0,1.637534,1.686189,0,0.3784846,0,0,0,0,0,0.5228988,0,0.9278744,0,0.08289886,0,0.06145108,1.445709,1.832698,0,0.9677656,0.1477627,1.873882,1.590612,0,0,1.553026,0,0,0,0,1.591976,1.493202,0,0.3636762,0.2197577,0,2.008149,0,0,0,0,0,0,1.550715,1.746112,0.5682311,1.400429,0,1.100828,0,0.2788513,0,0,0,0,0,1.534504,0.4717385,0.7846642,0,1.778611,1.896074,0,0.6627959,0,1.082641,0.8886364,0.4388462,0,2.057644,0.2365612,1.771818,0.9970558,0.3122458,0,0,0,0,0,0,0,0,1.527589,0.4263077,0,0.2067076,0,0.1383091,0,0,0,0,1.921958,2.101183,0.6345534,2.334694,1.52474,0,0.3622924,0,0,0.149318,0,0,0,0.5246758,0.1463766,0,0.1016443,0,1.981236,0,0.4758257,0,1.830856,0,1.831402,0.6051704,0.7062914,0,0,0,0,0,0.06799006,0.3845608,0,0,0.2773235,0.3166286,0,0,0.6585852,1.702174,0,0,0.5963123,0.4751887,0,0,0,0,0,0,1.072389,0,0,0,0.1837829,0.6452343,0,0,0,0.2785407,0,0,0.9019585,0,0,1.228282,0,0,0,1.417282,2.033185,0.8267382,2.015709,0.08954561,0.6783794,0,1.354226,0.9504788,0,1.632125,0,0,0,0,0.3853563,0,0,0,0.538578,0,0,0,0,1.273811,0.8303353,0,0,0,1.734373,0.07675397,1.281386,0,0.02127552,0,1.330803,0.3560085,0,0,1.865598,0,0,0.5220393,0,0,0.4416969,0.7497017,0,1.372872,1.970122,1.778332,1.236292,0,0,0,0.6990973,0,1.084955,0,0,0.2130699,0,0,1.352116,1.501891,0,1.368921,0,0,1.625638,0.2702968,0,0.267417,0.3869048,0,0,0,1.308081,0.6598004,0,0,0,0,0.9569175,0,0,1.812087,0,1.668957,1.603811,1.49422,0,1.007663,0,0.7387491,0.1763282,0,0,1.777535,0,1.942528,0,0,1.865972,0.97595,0,0,0.3181863,0,0.4143388,0.2124822,0,0.4800717,2.105602,0,0,1.432366,0,0,0,0,0,0,1.021122,0.3669292,0,0,0,1.00201,0.1678593,0.4048218,0,0,2.020211,0.5004941,0.2191218,0,0.5639515,0,0,0,0,0,0.0455246,0,1.086716,0,1.958221,1.623845,0,0,0,1.163698,0.9533159,0,1.143597,1.945578,0,0,0,0,0,0,0,0.1085519,0,0,0,0,0,0,0,0,0.9060105,0,0,1.110775,0,1.481806,0.5624136,0.05804527,0,0,0.8370113,0,0,1.283778,0,0,0,0,0,0,0,0,0,1.912727,0,0,0,0,0,1.270869,0,0,0,0,2.086884,0,0,0,0,0,2.055295,0,0,0.07112992,0,0,0,0,0,0,0.5689667,0.2697737,0.4855946,0,0.3090717,0,0,0,0,0,0.9136389,1.426451,0.6285579,0.6162701,1.538449,0.2951486,0.4466921,0,0.2269816,1.278181,0.2286074,0,1.364937,0.3229952,0,0,0,0,0.08168173,0,0,1.410313,0,0,0,0.3000088,0,0,0,0.5999317,1.592165,0,0,0,0,0,0,0,0,0,0,0,0,0,0,0,0,1.925445,0,0,0,0,0,0,1.958654,0,0,0,1.137601,0,0,0,1.73508,0,0.7381105,1.809622,0,0,0.7719907,0,0,1.405534,1.947469,0,0,0,0,0,0,1.316242,0,0,0.3966962,1.89757,0,1.447369,0,0,1.465806,1.913759,2.228664,2.039854,0.09818542,0,0,1.024519,0.9392122,0.4685878,0,0,0,0,0,0,0,0,0,0.0646373,0.9877009,1.685093,1.916464,0,0,0.2927287,0.283502,1.73765,0,1.347311,0,0,0,0.2075562,0,0.4393299,0.4712489,0.357679,0.2287638,0.1074915,0,0,0.4853958,0.2857872,0,0.2324451,0,0.8872883,0,0,0,0,0,0.1539738,0.06318009,0,0,0,0.9657917,0,2.065929,0,0,0,0.9108731,0,1.915024,0.3216289,0.3768225,0.2915754,0,1.25651,0.4077723,0,1.561841,0,1.284183,0,0,0,0,0,1.452914,1.606919,0.51334,0,0,0.9900264,0,0,0,0,0,0,1.581671,1.479477,0.1229869,0.8203974,0,0.65114,0.4827374,0,0,0.1637383,0,0,0,0.4452758,0,0,0,1.135254,0
